PennyPropst3  ||  RT @Loca2733Mc: The hateful rhetoric from Trump/Pence &amp; fans is deplorable. Using Christianity as a shield against their hate is unforgivab‚Ä¶  ||  2016-10-07 02:17:22
Dominika713  ||  RT @noahsnab: me: i hate michigan :((
detroit: polls zero percent for donald trump
me:
https://t.co/lOEi8aVcDO  ||  2016-10-07 02:17:08
TanyaInAlameda  ||  RT @tonyschwartz: Just gave $55,000 in latest Art of Deal royalties to coalition of anti-hate organizations. What is Trump doing with his r‚Ä¶  ||  2016-10-07 02:17:01
TrinTylerK  ||  RT @allaloneinIove: me: i hate vocal runs :( 

donald trump: i hate vocal runs too

me: 
https://t.co/BybGT0BERg  ||  2016-10-07 02:16:42
satanicsharon  ||  RT @caraxc_: Me: I hate Donald Trump
Donald Trump: #TeamKatya
Me: https://t.co/9ulkTpBGlC  ||  2016-10-07 02:16:38
Mntman43Ron  ||  RT @fletchertoo: #CharlotteMeehan #Quote #QOTD "I grew up in a racist survivalist, paranoid household. I know all about normalizing hate" #‚Ä¶  ||  2016-10-07 02:16:29
THETAMPABAYPLUG  ||  Emilio Rojas Drops "I Hate Donald Trump" Video - YouTube https://t.co/VD6TgvOnsQ  ||  2016-10-07 02:16:17
wizkhalifawizk  ||  wiz khalifa Young Dolph &amp; 2 Chainz ‚ÄúWhat Yo Life Like,‚Äù Emilio Rojas ‚ÄúI Hate Donald Trump‚Äù &amp; More | Daily Visua... https://t.co/u3DMySxHt1  ||  2016-10-07 02:16:14
InvPac  ||  RT @sheenA_8886: Twitter suspends prominent Donald Trump supporter for harassment and hate speech. https://t.co/kUNhkUrJ9I via @dailynewsbin  ||  2016-10-07 02:15:55
RapIsNotPop  ||  Young Dolph &amp; 2 Chainz ‚ÄúWhat Yo Life Like,‚Äù Emilio Rojas ‚ÄúI Hate Donald Trump‚Äù &amp; More | Daily Visuals 10.6.16 https://t.co/b5vad8KxHm  ||  2016-10-07 02:15:54
cnnworldpress  ||  RT @haaretzcom: Trump shows how right-wingers can love Israel and hate the Jews https://t.co/7ohCNi0U5I @ChemiShalev  ||  2016-10-07 02:15:52
MusicLiveLoud  ||  RT @noahsnab: me: i hate michigan :((
detroit: polls zero percent for donald trump
me:
https://t.co/lOEi8aVcDO  ||  2016-10-07 02:15:38
DrGreenmantle  ||  RT @haaretzcom: Trump shows how right-wingers can love Israel and hate the Jews https://t.co/7ohCNi0U5I @ChemiShalev  ||  2016-10-07 02:15:34
Scarlett210  ||  RT @StopStopHillary: Clint Eastwood: "AMERICA, IF YOU DON'T GET TRUMP &amp; VOTE DJT YOU'RE EITHER RADICALIZED OR JUST PLAIN HATE AMERICA." htt‚Ä¶  ||  2016-10-07 02:15:18
TabletNewsTweet  ||  #hiphop #jewelry Young Dolph &amp; 2 Chainz ‚ÄúWhat Yo Life Like,‚Äù Emilio Rojas ‚ÄúI H... https://t.co/iMhpynYXGa https://t.co/YpLkCvbopx #bling  ||  2016-10-07 02:15:16
raveleprods  ||  #HipHopNews #HipHop Young Dolph &amp; 2 Chainz ‚ÄúWhat Yo Life Like,‚Äù Emilio Rojas ‚ÄúI Hate Donal... https://t.co/IVm0RrO5lX #HotHipHop #Ravele  ||  2016-10-07 02:15:14
junkienation_  ||  Young Dolph &amp; 2 Chainz ‚ÄúWhat Yo Life Like,‚Äù Emilio Rojas ‚ÄúI Hate Donald Trump‚Äù &amp; More | Daily V... https://t.co/iy60Zgca2V #junkienation  ||  2016-10-07 02:15:14
DJMaskmen  ||  Young Dolph &amp; 2 Chainz ‚ÄúWhat Yo Life Like,‚Äù Emilio Rojas ‚ÄúI Hate Donald Trump‚Äù &amp; More | Daily Visuals 10.6.16... https://t.co/UY9wl6sQv7  ||  2016-10-07 02:15:13
_hip_hop_news_  ||  Young Dolph &amp; 2 Chainz ‚ÄúWhat Yo Life Like,‚Äù Emilio Rojas ‚ÄúI Hate Donald Trump‚Äù &amp; More | Daily Visuals 10.6.16... https://t.co/73M930POwD  ||  2016-10-07 02:15:09
haaretzcom  ||  Trump shows how right-wingers can love Israel and hate the Jews https://t.co/7ohCNi0U5I @ChemiShalev  ||  2016-10-07 02:15:09
the4sureagency  ||  #Whats4Sure Young Dolph &amp; 2 Chainz ‚ÄúWhat Yo Life Like,‚Äù Emilio Rojas ‚ÄúI Hate Donald Trump‚Äù &amp; More | Daily Vis... https://t.co/I24PyRy2dx  ||  2016-10-07 02:15:08
xMoneyOverHoesx  ||  Young Dolph &amp; 2 Chainz ‚ÄúWhat Yo Life Like,‚Äù Emilio Rojas ‚ÄúI Hate Donald Trump‚Äù &amp; More | Daily Visuals 10.6.16... https://t.co/QseIGx5rbs  ||  2016-10-07 02:15:07
DopenessTV  ||  Young Dolph &amp; 2 Chainz ‚ÄúWhat Yo Life Like,‚Äù Emilio Rojas ‚ÄúI Hate Donald Trump‚Äù &amp; More | Daily Visuals 10.6.16... https://t.co/niNt9kiO1D  ||  2016-10-07 02:15:07
JUSTPRINCEANDY  ||  Young Dolph &amp; 2 Chainz ‚ÄúWhat Yo Life Like,‚Äù Emilio Rojas ‚ÄúI Hate Donald Trump‚Äù &amp; More | Daily Visuals 10.6.16... https://t.co/x74Kf05qJ3  ||  2016-10-07 02:15:05
DNKMuzic  ||  Young Dolph &amp; 2 Chainz ‚ÄúWhat Yo Life Like,‚Äù Emilio Rojas ‚ÄúI Hate Donald Trump‚Äù &amp; More | D... https://t.co/eBpAvau5ul #Follow 4 more info  ||  2016-10-07 02:15:04
bhramabullpromo  ||  #BHRAMABULL Young Dolph &amp; 2 Chainz ‚ÄúWhat Yo Life Like,‚Äù Emilio Rojas ‚ÄúI Hate Donald Trump‚Äù &amp; More | Daily Vis... https://t.co/96yz4Iem5d  ||  2016-10-07 02:15:01
bhramatv  ||  #BHRAMABULL Young Dolph &amp; 2 Chainz ‚ÄúWhat Yo Life Like,‚Äù Emilio Rojas ‚ÄúI Hate Donald Trump‚Äù &amp; More | Daily Vis... https://t.co/OWknBIpPvk  ||  2016-10-07 02:15:01
djskinamaxx  ||  #BHRAMABULL Young Dolph &amp; 2 Chainz ‚ÄúWhat Yo Life Like,‚Äù Emilio Rojas ‚ÄúI Hate Donald Trump‚Äù &amp; More | Daily Vis... https://t.co/i28xRquXfg  ||  2016-10-07 02:15:00
Aqua174  ||  Young Dolph &amp; 2 Chainz ‚ÄúWhat Yo Life Like,‚Äù Emilio Rojas ‚ÄúI Hate Donald Trump‚Äù &amp; More | Dail... https://t.co/ds1dE4TYzZ via @HipHopWired  ||  2016-10-07 02:14:55
xlr8ryeagerbomb  ||  Hip Hop News. It‚Äôs TBT so it‚Äôs only right that at least one rapper use his visuals to... https://t.co/rQxSMXylbk https://t.co/GgojaEndPc  ||  2016-10-07 02:14:54
Qwitterz  ||  Hip Hop News. It‚Äôs TBT so it‚Äôs only right that at least one rapper use his visuals to... https://t.co/Tf9vimc08w https://t.co/VGk4iFTTsn  ||  2016-10-07 02:14:53
Sidekicker  ||  Hip Hop News. It‚Äôs TBT so it‚Äôs only right that at least one rapper use his visuals to... https://t.co/Raak9XEKfy https://t.co/Z2v2CuXeiy  ||  2016-10-07 02:14:52
LOWROADxNOEXIT  ||  RT @noahsnab: me: i hate michigan :((
detroit: polls zero percent for donald trump
me:
https://t.co/lOEi8aVcDO  ||  2016-10-07 02:14:52
PartnersNgrime  ||  Hip Hop News. It‚Äôs TBT so it‚Äôs only right that at least one rapper use his visuals to... https://t.co/XM6F2DkCYU https://t.co/YNPen7g5a5  ||  2016-10-07 02:14:51
Bandido426  ||  @FoxNews TRUMP SUPPOSITORIES HATE TRUTH FACTS &amp; PROOF OF TRUMPS OWN WORDS OF HIS SOCIALISM&gt;&gt;&gt; https://t.co/nZCd3NLbQg  ||  2016-10-07 02:14:17
daniggaquis  ||  RT @noahsnab: me: i hate michigan :((
detroit: polls zero percent for donald trump
me:
https://t.co/lOEi8aVcDO  ||  2016-10-07 02:14:02
JohnTiegen  ||  Sorry Bastard!  Read it too and you'll hate Trump just as much as I do. https://t.co/HHMqix924R  ||  2016-10-07 02:14:01
RapRadar  ||  RAPRADAR: New Video: @EmilioRojas ‚ÄúI Hate Donald Trump‚Äù https://t.co/gw5V6t69X3  ||  2016-10-07 02:14:00
Varidienne  ||  RT @Loca2733Mc: The hateful rhetoric from Trump/Pence &amp; fans is deplorable. Using Christianity as a shield against their hate is unforgivab‚Ä¶  ||  2016-10-07 02:13:58
shulin7  ||  RT @NewSpeakisLies: Megan's job was to Fix** the Women's opinion on Trump/ Sorry, I hate her and HILLARY - wicked basic stupid evil simplet‚Ä¶  ||  2016-10-07 02:13:29
eklu65  ||  I don't hate the guy for liking trump. He's being either ignorant or dishonest in his interpretation of polls. Neit‚Ä¶ https://t.co/fvAXupq7ea  ||  2016-10-07 02:13:27
DJ_Scooby  ||  Young Dolph &amp; 2 Chainz ‚ÄúWhat Yo Life Like,‚Äù Emilio Rojas ‚ÄúI Hate Donald Trump‚Äù &amp; More | Daily Visuals 10.6.16 - https://t.co/DP8B1HTsil  ||  2016-10-07 02:13:11
Blondeadroit  ||  RT @NewSpeakisLies: Megan's job was to Fix** the Women's opinion on Trump/ Sorry, I hate her and HILLARY - wicked basic stupid evil simplet‚Ä¶  ||  2016-10-07 02:13:00
1stTimeVoter216  ||  RT @1stTimeVoter216: If Hillary wins American Western Civilization is over! Even if you hate Trump hold your nose and Vote for him Nov8th t‚Ä¶  ||  2016-10-07 02:12:54
missstrinity  ||  RT @noahsnab: me: i hate michigan :((
detroit: polls zero percent for donald trump
me:
https://t.co/lOEi8aVcDO  ||  2016-10-07 02:12:52
1stTimeVoter216  ||  If Hillary wins American Western Civilization is over! Even if you hate Trump hold your nose and Vote for him Nov8th to Save America.  ||  2016-10-07 02:12:50
xohtheguilt  ||  Next door neighbors put up a Trump sign in their yard. Might as well put up a sign that says "I hate minorities."  ||  2016-10-07 02:12:42
GuyCShaffer  ||  RT @puppymnkey: Trump embarrasses, degrades and insults this country everyday. It's sickening. I never thought I'd see a hate movement main‚Ä¶  ||  2016-10-07 02:12:24
AngelinaSnow007  ||  RT @Alllwftopic: Twitter suspends prominent Donald Trump supporter for harassment and hate speech https://t.co/tQe62M1270 via @dailynewsbin  ||  2016-10-07 02:12:21
sidebarrs  ||  RT @OvaisBowss: Me: I hate hotdogs

Donald Trump: I hate hotdogs 

Me:

https://t.co/TLbxN8ujFo  ||  2016-10-07 02:12:14
EMourtada99  ||  RT @OvaisBowss: Me: I hate hotdogs

Donald Trump: I hate hotdogs 

Me:

https://t.co/TLbxN8ujFo  ||  2016-10-07 02:12:12
ChasFlemming  ||  I know we all hate Trump and will have to assign an army of babysitters to him, but we've got to keep Hillary from‚Ä¶ https://t.co/xQeyNLiWwV  ||  2016-10-07 02:12:05
LawrenceReid08  ||  @LA_Detroit @BrandonThorso97 reason you are so desperate to take Trump out of context is because you hate yourself &amp; need someone to blame.  ||  2016-10-07 02:11:47
FrankBJames  ||  RT @EMPIRE: .@emiliorojas brings his single "I Hate Donald Trump" to life in his new hilariously savage visuals ¬†https://t.co/lPvA3n2hVJ ht‚Ä¶  ||  2016-10-07 02:11:27
FrankBJames  ||  RT @emiliorojas: HILARIOUS New üî•üî•üî• "I Hate Donald Trump" OFFICIAL VIDEO https://t.co/2IgR8rQMHC  ||  2016-10-07 02:11:18
softlikewater  ||  Even without the "deplorable" you could tell he supports trump by the hate speech. This is why I don't understand m‚Ä¶ https://t.co/oaXQM6tcqQ  ||  2016-10-07 02:11:10
sailorse7en  ||  RT @OvaisBowss: Me: I hate hotdogs

Donald Trump: I hate hotdogs 

Me:

https://t.co/TLbxN8ujFo  ||  2016-10-07 02:10:59
GoodPressShanno  ||  Wasn't Trump dad alive 20yrs ago? Did he help him resolve his tax issue?!I would hate to know he's taking full credit for his 1995 tax issue  ||  2016-10-07 02:10:43
Analogbear  ||  @CrispyBeaver YOU seem to ignore Trump's alt-right supporters, blatant hate, and ignorance. What is wrong with YOU? HRC guilty of NOTHING.  ||  2016-10-07 02:10:42
alanaevansxxx  ||  @ChristyCanyon11 @Seabee201 thank you Christy! Trump is filled with hate himself.  ||  2016-10-07 02:10:21
__AntoinetteBoo  ||  RT @noahsnab: me: i hate michigan :((
detroit: polls zero percent for donald trump
me:
https://t.co/lOEi8aVcDO  ||  2016-10-07 02:10:16
Baggsthree  ||  Hillary Is Going To Hate Trump&amp;#8217;s Newest Ad [VIDEO] https://t.co/RtSYySM0Ex  ||  2016-10-07 02:09:47
pasqualinaaaaa  ||  RT @caraxc_: Me: I hate Donald Trump
Donald Trump: #TeamKatya
Me: https://t.co/9ulkTpBGlC  ||  2016-10-07 02:09:42
Relo123  ||  RT @allaloneinIove: me: i hate vocal runs :( 

donald trump: i hate vocal runs too

me: 
https://t.co/BybGT0BERg  ||  2016-10-07 02:09:41
carlaicunt  ||  RT @caraxc_: Me: I hate Donald Trump
Donald Trump: #TeamKatya
Me: https://t.co/9ulkTpBGlC  ||  2016-10-07 02:09:18
cIiffordculture  ||  RT @noahsnab: me: i hate michigan :((
detroit: polls zero percent for donald trump
me:
https://t.co/lOEi8aVcDO  ||  2016-10-07 02:09:14
Newyorker2212  ||  RT @royal_leasing: Trump has infected his surrogates with this hate value that they stopped thinking. Every religion has its good, bad and‚Ä¶  ||  2016-10-07 02:09:14
kimmiepooh1957  ||  RT @Karoli: While Presidents Bill Clinton and Barack Obama were giving thoughtful eulogies, DJT was hate-tweeting. https://t.co/bXP7jwAFZx‚Ä¶  ||  2016-10-07 02:09:11
codyhenning26  ||  RT @caraxc_: Me: I hate Donald Trump
Donald Trump: #TeamKatya
Me: https://t.co/9ulkTpBGlC  ||  2016-10-07 02:08:57
AngelinaSnow007  ||  RT @DailyNewsBin: Twitter suspends prominent Donald Trump supporter for harassment and hate speech https://t.co/gAd49M6mKT  ||  2016-10-07 02:08:50
Rwc356  ||  RT @WDGX4: @linnyitssn Alt-right leaders even wear brown jackets. Ernst R√∂hm would be so proud of Trump.
https://t.co/MYbzGQBWbz  ||  2016-10-07 02:08:47
OFFICIALWHIP297  ||  RT @emiliorojas: HILARIOUS New üî•üî•üî• "I Hate Donald Trump" OFFICIAL VIDEO https://t.co/2IgR8rQMHC  ||  2016-10-07 02:08:26
CupidsPett  ||  This is not the man that should be president, his everyday actions promote hate #trump #bullying #horrid #texasboy https://t.co/neGw6Lutr2  ||  2016-10-07 02:08:10
nolamama2008  ||  RT @Honey17011: Donald and his tiny hands are gonna hate this article. My followers will enjoy it.  #ImWithHer #NeverTrump  https://t.co/jB‚Ä¶  ||  2016-10-07 02:07:47
t_ryvers  ||  RT @noahsnab: me: i hate michigan :((
detroit: polls zero percent for donald trump
me:
https://t.co/lOEi8aVcDO  ||  2016-10-07 02:07:35
antiharper101  ||  RT @DailyNewsBin: Twitter suspends prominent Donald Trump supporter for harassment and hate speech

https://t.co/gAd49M6mKT  ||  2016-10-07 02:07:35
KarenNieland  ||  RT @BetteMidler: Hate to #fatshame fat men in Trump‚Äôs camp who fat-shamed former Miss Universe, but too bad they can‚Äôt see their own balls‚Ä¶  ||  2016-10-07 02:07:33
jmb76109  ||  Another school with no direction.
No Hate!
We Need JOBS! Vote Trumpüá∫üá∏
You have to work harder &amp; smarter! Just vote‚Ä¶ https://t.co/qGgcdz22zL  ||  2016-10-07 02:07:17
moteknyc  ||  Trump shows how right-wingers can love Israel &amp; hate Jews via @ChemiShalev #antisemitism #Israel #JewsAgainstTrump  https://t.co/tGDVDsyk28  ||  2016-10-07 02:07:03
TREETOP33333  ||  RT @2ALAW: [Watch] Best Video Ever!...Donald Trump Fans Love It And Hillary/Obama Supporters Absolutely Hate It.

@SandraTXAS
https://t.co/‚Ä¶  ||  2016-10-07 02:07:02
melaniariz  ||  RT @hateful_heretic: Liberals, you're right. Trump support is largely motivated by hate. But it's not hatred of minorities. It's hatred of‚Ä¶  ||  2016-10-07 02:06:57
pccompatible  ||  RT @NewSpeakisLies: Megan's job was to Fix** the Women's opinion on Trump/ Sorry, I hate her and HILLARY - wicked basic stupid evil simplet‚Ä¶  ||  2016-10-07 02:06:42
_Suppiluliumas_  ||  RT @haaretzcom: Trump shows how right-wingers can love Israel and hate the Jews https://t.co/1lzbBeI4rL https://t.co/9zcxvQ5Sdf  ||  2016-10-07 02:06:35
annaliesa7  ||  @tyleroakley Omgsh I Hate Trump so much!! Vote for @HillaryClinton üòÅ instead of Trumpüí©üëé  ||  2016-10-07 02:05:49
DianaChic1  ||  RT @StopStopHillary: Clint Eastwood: "AMERICA, IF YOU DON'T GET TRUMP &amp; VOTE DJT YOU'RE EITHER RADICALIZED OR JUST PLAIN HATE AMERICA." htt‚Ä¶  ||  2016-10-07 02:05:32
Mr_Sir44  ||  You're hate for Trump outweighs your admiration for Clinton,  don't fool yourself.  ||  2016-10-07 02:05:11
connectiveMKT  ||  MUSIC: Emilio Rojas - I Hate Donald Trump (Official Music Video) - https://t.co/3R6l83K9in https://t.co/KMScep3jQX via StreetsConnect #Hi‚Ä¶  ||  2016-10-07 02:05:04
royal_leasing  ||  Trump has infected his surrogates with this hate value that they stopped thinking. Every religion has its good, bad‚Ä¶ https://t.co/Pnak4RiasC  ||  2016-10-07 02:04:43
Bwdreyer  ||  RT @conserv_tribune: Hillary Is Going To Hate Trump‚Äôs Newest Ad [VIDEO] https://t.co/bEHLW6oZND #tcot https://t.co/h25CyVdxSI  ||  2016-10-07 02:04:26
the_wild_gypsy  ||  RT @sheenA_8886: Twitter suspends prominent Donald Trump supporter for harassment and hate speech. https://t.co/kUNhkUrJ9I via @dailynewsbin  ||  2016-10-07 02:04:11
ZagooryR  ||  Roflmao. By the way, you're on you're own. Trump doesn't pay fed taxes. So there are no funds. Since, you hate Obam‚Ä¶ https://t.co/1MTlWmRnfk  ||  2016-10-07 02:04:10
kyraful  ||  RT @noahsnab: me: i hate michigan :((
detroit: polls zero percent for donald trump
me:
https://t.co/lOEi8aVcDO  ||  2016-10-07 02:03:46
EMPIRE  ||  .@emiliorojas brings his single "I Hate Donald Trump" to life in his new hilariously savage visuals ¬†‚Ä¶ https://t.co/kKzoFlochf  ||  2016-10-07 02:03:42
Michael_L_Riley  ||  RT @AyeitsaKat_: Reasons to hate Hillary: she doesn't actually speak her mind 
Reasons to hate Trump: he speaks his mind, but his mind is r‚Ä¶  ||  2016-10-07 02:03:31
LunaintheShadow  ||  RT @OvaisBowss: Me: I hate hotdogs

Donald Trump: I hate hotdogs 

Me:

https://t.co/TLbxN8ujFo  ||  2016-10-07 02:03:29
karentoothick  ||  RT @OvaisBowss: Me: I hate hotdogs

Donald Trump: I hate hotdogs 

Me:

https://t.co/TLbxN8ujFo  ||  2016-10-07 02:03:20
kmoss  ||  @johncusack if that's a Jeopardy answer, question is: "Hate Trump, but not thrilled with Hillary. Why shouldn't I vote third party?"  ||  2016-10-07 02:03:12
trump_uprising  ||  RT @SandraHartle: üî•#WakeUpAmerica #TeamTrump #CCOT  #2A #MAGA #millenials #MinorityPolitics #tcot #Hillaryüî•
üí•üí•if U hate us why are U still‚Ä¶  ||  2016-10-07 02:02:54
HamannSophia  ||  RT @noahsnab: me: i hate michigan :((
detroit: polls zero percent for donald trump
me:
https://t.co/lOEi8aVcDO  ||  2016-10-07 02:02:52
crypticedge  ||  @dallassportzone trump flip flops 10x at the same event every time. He has no positions, just pandering and hate.  ||  2016-10-07 02:02:35
MeMikayla825  ||  RT @StopStopHillary: Clint Eastwood: "AMERICA, IF YOU DON'T GET TRUMP &amp; VOTE DJT YOU'RE EITHER RADICALIZED OR JUST PLAIN HATE AMERICA." htt‚Ä¶  ||  2016-10-07 02:02:25
KaylinWinters2  ||  @gwoodkratzer trump said non was a hate group. But what about #WhiteLiveMatter??? He had blacks say it at the RNC (all the ones blacks hate)  ||  2016-10-07 02:02:20
lhdelane  ||  @JoyAnnReid @POLITICOMag Trump would absolutely hate this article.  ||  2016-10-07 02:02:16
ChaseBusinelle  ||  @lance_zirlott indifferent towards trump...hate Hillary....indifferent towards election...indifferent towards clowns...hate onions  ||  2016-10-07 02:02:10
interlove  ||  go #Green &amp; defend #US against #Hurricane #warming rt @_jessicadavies I love #America but I hate #Trump's morals. This could be tricky! #SOS  ||  2016-10-07 02:02:10
alaskarebel  ||  RT @WDGX4: @linnyitssn Alt-right leaders even wear brown jackets. Ernst R√∂hm would be so proud of Trump.
https://t.co/MYbzGQBWbz  ||  2016-10-07 02:02:04
your_highneasss  ||  funny how this hurricane hits after trump leaves ü§îü§î u came here a lil too late Mathew I ain't gonna hate tho  ||  2016-10-07 02:02:02
KennyAllon  ||  If you are seriously planning to vote for Trump, your thinking is what feeds disunity,and disaster. But go ahead, join America's hate.  ||  2016-10-07 02:02:01
AonghasCrowe  ||  Trump shows how right-wingers can love Israel and hate the Jews

https://t.co/QKoMdqVIyQ  ||  2016-10-07 02:01:59
julieagannon  ||  RT @JudgmentSolomon: ASHEVILLE, NC TRUMP RALLY: Protestor signs said love...mouths spewed hate. #MakeAmericaGreatAgain #Trump2016 #MAGA htt‚Ä¶  ||  2016-10-07 02:01:21
SpivDPromo  ||  #SDPNews {Urban} Young Dolph &amp; 2 Chainz ‚ÄúWhat Yo Life Like,‚Äù Emilio Rojas ‚ÄúI Hate Donald Trump‚Äù &amp; More | Daily ... https://t.co/pkqacJxrr7  ||  2016-10-07 02:01:00
Football53229  ||  RT @NewSpeakisLies: Megan's job was to Fix** the Women's opinion on Trump/ Sorry, I hate her and HILLARY - wicked basic stupid evil simplet‚Ä¶  ||  2016-10-07 02:00:53
Barb138  ||  RT @NewSpeakisLies: Megan's job was to Fix** the Women's opinion on Trump/ Sorry, I hate her and HILLARY - wicked basic stupid evil simplet‚Ä¶  ||  2016-10-07 02:00:36
MoireGarner  ||  @PhilipRucker @CorrectRecord Trump is full of hate &amp; encourages discrimination. #WrongForUSA #UnfitToLead #NeverLiarTrump  ||  2016-10-07 02:00:31
theweedfam  ||  If you hate Trump you have daddy issues https://t.co/ZB1xX3MaaS  ||  2016-10-07 02:00:23
derridalicious  ||  So on point it's doing a pirouette "Trump shows how right-wingers can love Israel and hate the Jews" | @ChemiShalev‚Ä¶ https://t.co/hM8teZrunm  ||  2016-10-07 02:00:13
WERStanford  ||  RT @NewSpeakisLies: Megan's job was to Fix** the Women's opinion on Trump/ Sorry, I hate her and HILLARY - wicked basic stupid evil simplet‚Ä¶  ||  2016-10-07 01:59:57
glory1942  ||  RT @BoudicaRides: Do you get it? It is since running for election this mass hate has been thrown at Trump. Only when he became a threat to‚Ä¶  ||  2016-10-07 01:59:54
brooke_purtill  ||  The two things I hate most:
-Donald Trump
-People pronouncing Nevada incorrectly

A hybrid of those things happened last night üëø  ||  2016-10-07 01:59:04
JeffSmith61  ||  RT @StopStopHillary: Clint Eastwood: "AMERICA, IF YOU DON'T GET TRUMP &amp; VOTE DJT YOU'RE EITHER RADICALIZED OR JUST PLAIN HATE AMERICA." htt‚Ä¶  ||  2016-10-07 01:59:00
LawrenceReid08  ||  @laurelk229 @LA_Detroit that's because you hate yourself. If you don't believe me just ask yourself. All Trump haters self hate.  ||  2016-10-07 01:58:47
ScoutThrasher  ||  That's Berlin 1939 - with a Trump banner photoshopped - nice try but I can see the racist hate coming off those naz‚Ä¶ https://t.co/5cNJulZBhc  ||  2016-10-07 01:58:45
hookbill  ||  RT @EricWolfson: A Trump Haiku:

You support Trump but
Ignore his hate speech? You may
Nazi it coming‚Ä¶

#NationalPoetryDay #p2 https://t.co‚Ä¶  ||  2016-10-07 01:58:44
JayFlyz  ||  RT @OvaisBowss: Me: I hate hotdogs

Donald Trump: I hate hotdogs 

Me:

https://t.co/TLbxN8ujFo  ||  2016-10-07 01:58:37
Braveswyn  ||  RT @sheenA_8886: Twitter suspends prominent Donald Trump supporter for harassment and hate speech. https://t.co/kUNhkUrJ9I via @dailynewsbin  ||  2016-10-07 01:58:36
Palinspired  ||  RT @NewSpeakisLies: Megan's job was to Fix** the Women's opinion on Trump/ Sorry, I hate her and HILLARY - wicked basic stupid evil simplet‚Ä¶  ||  2016-10-07 01:58:22
HipHop4Ever1  ||  Young Dolph &amp; 2 Chainz ‚ÄúWhat Yo Life Like,‚Äù Emilio Rojas ‚ÄúI Hate Donald Trump‚Äù &amp; More | Daily Visuals 10.6.16 https://t.co/51TkhPTj07  ||  2016-10-07 01:58:08
MerwinLisa  ||  RT @StopStopHillary: Clint Eastwood: "AMERICA, IF YOU DON'T GET TRUMP &amp; VOTE DJT YOU'RE EITHER RADICALIZED OR JUST PLAIN HATE AMERICA." htt‚Ä¶  ||  2016-10-07 01:57:58
josephine612198  ||  MSNBC , TRUMP Has Ad  of a  Woman Pushing Gun Rights. Wrong Direction. Veer Right to FOX.  Find Women Gun Lovers There. Most of us hate NRA.  ||  2016-10-07 01:57:57
niteowlQvQ  ||  RT @StopStopHillary: Clint Eastwood: "AMERICA, IF YOU DON'T GET TRUMP &amp; VOTE DJT YOU'RE EITHER RADICALIZED OR JUST PLAIN HATE AMERICA." htt‚Ä¶  ||  2016-10-07 01:57:43
_lifestyled  ||  RT @wccubbison: The last autopsy said do the opposite of Trump. What we as a country need are GOP leaders to fix the problem. Reject the ha‚Ä¶  ||  2016-10-07 01:57:38
NewSpeakisLies  ||  Megan's job was to Fix** the Women's opinion on Trump/ Sorry, I hate her and HILLARY - wicked basic stupid evil sim‚Ä¶ https://t.co/S9GQvSoAco  ||  2016-10-07 01:57:29
carmenvellon  ||  RT @EricWolfson: A Trump Haiku:

You support Trump but
Ignore his hate speech? You may
Nazi it coming‚Ä¶

#NationalPoetryDay #p2 https://t.co‚Ä¶  ||  2016-10-07 01:57:23
DFSSweets  ||  RT @blackdeplorable: #imwithher people hate black trump supporters. Why? https://t.co/J6N6m0owyP  ||  2016-10-07 01:56:56
crypticedge  ||  @LanHoaNguyen @HuffPostCanada I hate those who get that way by screwing over the average person. Trump is that personified  ||  2016-10-07 01:56:49
kthyde66  ||  RT @EricWolfson: A Trump Haiku:

You support Trump but
Ignore his hate speech? You may
Nazi it coming‚Ä¶

#NationalPoetryDay #p2 https://t.co‚Ä¶  ||  2016-10-07 01:56:37
kuriouskit  ||  RT @sheenA_8886: Twitter suspends prominent Donald Trump supporter for harassment and hate speech. https://t.co/kUNhkUrJ9I via @dailynewsbin  ||  2016-10-07 01:56:23
slappysquirrel  ||  RT @Honey17011: Donald and his tiny hands are gonna hate this article. My followers will enjoy it.  #ImWithHer #NeverTrump  https://t.co/jB‚Ä¶  ||  2016-10-07 01:56:18
2_FR35H  ||  RT @noahsnab: me: i hate michigan :((
detroit: polls zero percent for donald trump
me:
https://t.co/lOEi8aVcDO  ||  2016-10-07 01:56:09
marina282828  ||  RT @sheenA_8886: Twitter suspends prominent Donald Trump supporter for harassment and hate speech. https://t.co/kUNhkUrJ9I via @dailynewsbin  ||  2016-10-07 01:56:05
toe_da  ||  RT @DumpTrump22: Trump Disciples take Nazi Ideology to New Heights
#Nazi leader: #Trump presents a 'real opportunity' to Spread Hate https:‚Ä¶  ||  2016-10-07 01:56:00
usapatriotgrl  ||  RT @StopStopHillary: Clint Eastwood: "AMERICA, IF YOU DON'T GET TRUMP &amp; VOTE DJT YOU'RE EITHER RADICALIZED OR JUST PLAIN HATE AMERICA." htt‚Ä¶  ||  2016-10-07 01:55:40
DailyNewsBin  ||  RT @sheenA_8886: Twitter suspends prominent Donald Trump supporter for harassment and hate speech. https://t.co/kUNhkUrJ9I via @dailynewsbin  ||  2016-10-07 01:55:24
connectiveMKT  ||  "New Music ‚Äì Emilio Rojas ‚Äì I Hate Donald Trump (Official Music Video)" https://t.co/dqdjMqaz8M #RT #HipHop via HipHopNews  ||  2016-10-07 01:55:23
1jimmer  ||  @MattyBGordon People would take your hate comments &amp; retweets serious about America's election &amp; Mr.Trump if you weren't a FUCKING Canadian  ||  2016-10-07 01:55:16
Kathy73942403  ||  RT @StopStopHillary: Clint Eastwood: "AMERICA, IF YOU DON'T GET TRUMP &amp; VOTE DJT YOU'RE EITHER RADICALIZED OR JUST PLAIN HATE AMERICA." htt‚Ä¶  ||  2016-10-07 01:54:58
amyg429  ||  @RealJamesWoods @DailyCaller people in Israel love Trump&amp; hate Obama. Friends of mine went in May &amp; that's what the ppl there said to them  ||  2016-10-07 01:54:09
Deena_Goerke  ||  RT @AustinW_Suttie: I can't believe you blind brainwashed sheep actually can't see that the media wants you to hate Trump and like Hillary  ||  2016-10-07 01:54:08
KatanaOfLogic  ||  @JohnJHarwood @joshtpm I hate Trump but this is unfalsifiable. Pence does bad: you rejoice. Pence does good: you rejoice.  ||  2016-10-07 01:54:07
guccigabsss  ||  RT @OvaisBowss: Me: I hate hotdogs

Donald Trump: I hate hotdogs 

Me:

https://t.co/TLbxN8ujFo  ||  2016-10-07 01:54:04
cbeurer  ||  RT @JoeNBC: Don‚Äôt hate Trump, Romney &amp; Obama. Hate the rigged tax rules Washington writes to help the rich and powerful.  https://t.co/EciU‚Ä¶  ||  2016-10-07 01:53:55
KKENNYAA  ||  my coworker: "i hate hot sauce"

Donald trump: "i hate hot sauce"

My coworker: https://t.co/Jtafr0q1DV  ||  2016-10-07 01:53:55
stormschalit  ||  RT @OvaisBowss: Me: I hate hotdogs

Donald Trump: I hate hotdogs 

Me:

https://t.co/TLbxN8ujFo  ||  2016-10-07 01:53:43
SeeJaneSeeUX  ||  RT @2ALAW: [Watch] Best Video Ever!...Donald Trump Fans Love It And Hillary/Obama Supporters Absolutely Hate It.

@SandraTXAS
https://t.co/‚Ä¶  ||  2016-10-07 01:53:42
dmcrane  ||  RT @Honey17011: Donald and his tiny hands are gonna hate this article. My followers will enjoy it.  #ImWithHer #NeverTrump  https://t.co/jB‚Ä¶  ||  2016-10-07 01:53:42
andyblandina  ||  RT @StopStopHillary: Clint Eastwood: "AMERICA, IF YOU DON'T GET TRUMP &amp; VOTE DJT YOU'RE EITHER RADICALIZED OR JUST PLAIN HATE AMERICA." htt‚Ä¶  ||  2016-10-07 01:53:38
bostonpapa24  ||  RT @sheenA_8886: Twitter suspends prominent Donald Trump supporter for harassment and hate speech. https://t.co/kUNhkUrJ9I via @dailynewsbin  ||  2016-10-07 01:53:37
Knitberg  ||  reblog if you are BISEXUAL, SUPPORT BISEXUAL PEOPLE, or REALLY HATE DONALD TRUMP https://t.co/OLRbN39WO1  ||  2016-10-07 01:53:36
InPursuit4All  ||  RT @StopStopHillary: Clint Eastwood: "AMERICA, IF YOU DON'T GET TRUMP &amp; VOTE DJT YOU'RE EITHER RADICALIZED OR JUST PLAIN HATE AMERICA." htt‚Ä¶  ||  2016-10-07 01:53:31
jazz1294u  ||  RT @StopStopHillary: Clint Eastwood: "AMERICA, IF YOU DON'T GET TRUMP &amp; VOTE DJT YOU'RE EITHER RADICALIZED OR JUST PLAIN HATE AMERICA." htt‚Ä¶  ||  2016-10-07 01:53:26
ANGEL_CRUZ14  ||  RT @LVPLUG: C/O New Blog Post Emilio Rojas Drops "I Hate Donald Trump" Video https://t.co/GfZERcQFVs  ||  2016-10-07 01:52:50
Dasto_Says  ||  @MschRn and desperate for @_michaelbrooks to say 'Don't hate the player, hate the game' in Trump voice for a mock ad animation.  ||  2016-10-07 01:52:35
hopeforchange2  ||  @megynkelly @krystalball Ya we saw them handing out the fake signs at Hillary event with 59 people Not at a Trump rally it real Dems Hate it  ||  2016-10-07 01:52:23
jthres  ||  Hillary Is Going To Hate Trump&amp;#8217;s Newest Ad [VIDEO] https://t.co/dwIH9hEbvE  ||  2016-10-07 01:52:19
watson1_z  ||  RT @StopStopHillary: Clint Eastwood: "AMERICA, IF YOU DON'T GET TRUMP &amp; VOTE DJT YOU'RE EITHER RADICALIZED OR JUST PLAIN HATE AMERICA." htt‚Ä¶  ||  2016-10-07 01:52:06
LaneEverson1  ||  RT @StopStopHillary: Clint Eastwood: "AMERICA, IF YOU DON'T GET TRUMP &amp; VOTE DJT YOU'RE EITHER RADICALIZED OR JUST PLAIN HATE AMERICA." htt‚Ä¶  ||  2016-10-07 01:52:05
LEngelhorn  ||  RT @DumpTrump22: I don't hate #Trump supporters because they are mindless sexist &amp; racist clones.

I hate them because they are trying to b‚Ä¶  ||  2016-10-07 01:52:05
evennumberSCe8  ||  @kayleighmcenany No I believe it's  the way around. All I have heard from Trump is hate and foul mouth as a conman.  ||  2016-10-07 01:52:00
meistersuk  ||  RT @StopStopHillary: Clint Eastwood: "AMERICA, IF YOU DON'T GET TRUMP &amp; VOTE DJT YOU'RE EITHER RADICALIZED OR JUST PLAIN HATE AMERICA." htt‚Ä¶  ||  2016-10-07 01:51:59
hell0weird0  ||  My science teacher is voting for trump...now I already hate him  ||  2016-10-07 01:51:57
NoWayBackToEU  ||  RT @StopStopHillary: Clint Eastwood: "AMERICA, IF YOU DON'T GET TRUMP &amp; VOTE DJT YOU'RE EITHER RADICALIZED OR JUST PLAIN HATE AMERICA." htt‚Ä¶  ||  2016-10-07 01:51:53
dbartoni69  ||  RT @StopStopHillary: Clint Eastwood: "AMERICA, IF YOU DON'T GET TRUMP &amp; VOTE DJT YOU'RE EITHER RADICALIZED OR JUST PLAIN HATE AMERICA." htt‚Ä¶  ||  2016-10-07 01:51:23
1sonny12  ||  RT @StopStopHillary: Clint Eastwood: "AMERICA, IF YOU DON'T GET TRUMP &amp; VOTE DJT YOU'RE EITHER RADICALIZED OR JUST PLAIN HATE AMERICA." htt‚Ä¶  ||  2016-10-07 01:51:15
Topsarg41  ||  RT @StopStopHillary: Clint Eastwood: "AMERICA, IF YOU DON'T GET TRUMP &amp; VOTE DJT YOU'RE EITHER RADICALIZED OR JUST PLAIN HATE AMERICA." htt‚Ä¶  ||  2016-10-07 01:51:05
jebrown323  ||  @megynkelly @DLoesch How about the hate &amp; racism of Trump &amp; stealing from the working class - TAXES!!!!  ||  2016-10-07 01:50:39
71Arifin  ||  RT @OhNoSheTwitnt: Trump hats are red
I will vote blue
The alt-right guys hate me 
For I am a Jew 
#NationalPoetryDay  ||  2016-10-07 01:50:32
fliflisky  ||  RT @2ALAW: [Watch] Best Video Ever!...Donald Trump Fans Love It And Hillary/Obama Supporters Absolutely Hate It.

@SandraTXAS
https://t.co/‚Ä¶  ||  2016-10-07 01:49:45
Deke218  ||  @MariaLatina76 @DonCheadle Latina?  You should be ashamed. Trump hates you as much as you seem to hate yourself.  ||  2016-10-07 01:49:38
LindaLindahm465  ||  RT @StopStopHillary: Clint Eastwood: "AMERICA, IF YOU DON'T GET TRUMP &amp; VOTE DJT YOU'RE EITHER RADICALIZED OR JUST PLAIN HATE AMERICA." htt‚Ä¶  ||  2016-10-07 01:49:26
AyeitsaKat_  ||  Reasons to hate Hillary: she doesn't actually speak her mind 
Reasons to hate Trump: he speaks his mind, but his mind is racist shit  ||  2016-10-07 01:48:58
JTPhilly125  ||  RT @Honey17011: Donald and his tiny hands are gonna hate this article. My followers will enjoy it.  #ImWithHer #NeverTrump  https://t.co/jB‚Ä¶  ||  2016-10-07 01:48:58
blackdeplorable  ||  #imwithher people hate black trump supporters. Why? https://t.co/J6N6m0owyP  ||  2016-10-07 01:48:46
Rick_Harlan  ||  @SnazzyBBQ @exjon @mitchellvii we're all at different places. On days I really hate GOP, I root for Trump.  ||  2016-10-07 01:48:26
CTPhil3  ||  300 dead in Haiti. Hate to ask, but how many of those ppl live if #Clinton Fdn had constructed proper homes after EQ? @DividendMaster #Trump  ||  2016-10-07 01:48:24
FLMENFORTRUMP  ||  RT @StopStopHillary: Clint Eastwood: "AMERICA, IF YOU DON'T GET TRUMP &amp; VOTE DJT YOU'RE EITHER RADICALIZED OR JUST PLAIN HATE AMERICA." htt‚Ä¶  ||  2016-10-07 01:48:23
FranMarcum2  ||  RT @StopStopHillary: Clint Eastwood: "AMERICA, IF YOU DON'T GET TRUMP &amp; VOTE DJT YOU'RE EITHER RADICALIZED OR JUST PLAIN HATE AMERICA." htt‚Ä¶  ||  2016-10-07 01:48:16
1DEPLORABLE  ||  RT @DeMarko_Gage: @insufferabIes @realDonaldTrump STFU DONALD TRUMP üò° YOU DONT CARE ABOUT NOBODY BUT YOURSELF üëéüèæ RT IF YOU HATE TRUMP https‚Ä¶  ||  2016-10-07 01:47:57
WalkerCheath  ||  RT @XXL: .@emiliorojas takes a stand with his new video for "I Hate Donald Trump" https://t.co/MTCemjBpdp  ||  2016-10-07 01:47:53
EllieAsksWhy  ||  @avivalev @20committee @nypost Politico is like MediaMatters 2 now. They hate Trump, Johnson, anyone who isn't Hillary.  ||  2016-10-07 01:47:49
sampson_elaine  ||  RT @Alllwftopic: Twitter suspends prominent Donald Trump supporter for harassment and hate speech https://t.co/tQe62M1270 via @dailynewsbin  ||  2016-10-07 01:47:08
Azuri21  ||  RT @StopStopHillary: Clint Eastwood: "AMERICA, IF YOU DON'T GET TRUMP &amp; VOTE DJT YOU'RE EITHER RADICALIZED OR JUST PLAIN HATE AMERICA." htt‚Ä¶  ||  2016-10-07 01:47:06
schmuckal51  ||  RT @StopStopHillary: Clint Eastwood: "AMERICA, IF YOU DON'T GET TRUMP &amp; VOTE DJT YOU'RE EITHER RADICALIZED OR JUST PLAIN HATE AMERICA." htt‚Ä¶  ||  2016-10-07 01:46:57
sailmom  ||  RT @Honey17011: Donald and his tiny hands are gonna hate this article. My followers will enjoy it.  #ImWithHer #NeverTrump  https://t.co/jB‚Ä¶  ||  2016-10-07 01:46:57
hufflepufflady  ||  @KyleKulinski @TPM he's right, from a linguistic stand point. I live in NV and hate Trump, be he isn't wrong here.  ||  2016-10-07 01:46:50
TheDieselTech  ||  RT @StopStopHillary: Clint Eastwood: "AMERICA, IF YOU DON'T GET TRUMP &amp; VOTE DJT YOU'RE EITHER RADICALIZED OR JUST PLAIN HATE AMERICA." htt‚Ä¶  ||  2016-10-07 01:46:43
Rwolf1944Bob  ||  RT @StopStopHillary: Clint Eastwood: "AMERICA, IF YOU DON'T GET TRUMP &amp; VOTE DJT YOU'RE EITHER RADICALIZED OR JUST PLAIN HATE AMERICA." htt‚Ä¶  ||  2016-10-07 01:46:35
emdoyle  ||  RT @KaylinWinters2: Trump had people say BLM was a hate group at the RNC. NOW he wants our votes? Sure...  He spent a year bashing it. 
#Im‚Ä¶  ||  2016-10-07 01:46:33
MaryLanham2  ||  RT @Honey17011: Donald and his tiny hands are gonna hate this article. My followers will enjoy it.  #ImWithHer #NeverTrump  https://t.co/jB‚Ä¶  ||  2016-10-07 01:46:29
smileyvsl  ||  C/O New Blog Post Emilio Rojas Drops "I Hate Donald Trump" Video https://t.co/x65Of8KzAR  ||  2016-10-07 01:46:17
ROBERTN1982  ||  @RNASH1982 @TwineJoyce @OKCFOX 
I hate Trump he is a liar  ||  2016-10-07 01:46:16
CyberDeathRay  ||  RT @Honey17011: Donald and his tiny hands are gonna hate this article. My followers will enjoy it.  #ImWithHer #NeverTrump  https://t.co/jB‚Ä¶  ||  2016-10-07 01:46:09
ladytecniq  ||  LADY TECNIQ NEWS Emilio Rojas Drops "I Hate Donald Trump" Video https://t.co/N6cXxOC7mF  ||  2016-10-07 01:46:08
sandylaye  ||  Hillary Is Going To Hate Trump&amp;#8217;s Newest Ad [VIDEO] https://t.co/9XN82ID9Nc  ||  2016-10-07 01:46:07
jmb76109  ||  #end never trump #TrumpTownHall #Paul Ryan #MAGA
No Hate!
Focus, All Americans! We Need Jobs. Just vote Trump Nov 8 https://t.co/aK2lMAGORs  ||  2016-10-07 01:46:04
AndieMarie888  ||  RT @Honey17011: Donald and his tiny hands are gonna hate this article. My followers will enjoy it.  #ImWithHer #NeverTrump  https://t.co/jB‚Ä¶  ||  2016-10-07 01:45:47
RustytubswiDoug  ||  RT @StopStopHillary: Clint Eastwood: "AMERICA, IF YOU DON'T GET TRUMP &amp; VOTE DJT YOU'RE EITHER RADICALIZED OR JUST PLAIN HATE AMERICA." htt‚Ä¶  ||  2016-10-07 01:45:35
lucasmesch  ||  RT @allaloneinIove: me: i hate vocal runs :( 

donald trump: i hate vocal runs too

me: 
https://t.co/BybGT0BERg  ||  2016-10-07 01:45:26
ShyRister  ||  -You can vote for Donald Trump. But you're wrong and I hate you.  ||  2016-10-07 01:45:03
suckerfish890  ||  @GreatAmericaPAC Make America Hate Again. Fuck you and fuck Trump  ||  2016-10-07 01:45:02
mastimmell  ||  RT @StopStopHillary: Clint Eastwood: "AMERICA, IF YOU DON'T GET TRUMP &amp; VOTE DJT YOU'RE EITHER RADICALIZED OR JUST PLAIN HATE AMERICA." htt‚Ä¶  ||  2016-10-07 01:44:44
na682411  ||  Hillary Is Going To Hate Trump‚Äôs Newest Ad [VIDEO] - World Politicus https://t.co/xwi5yLTMee  ||  2016-10-07 01:44:42
AGFlores  ||  It's not about policy because Trump has no policy. A plurality of Republican voters simply hate Mexicans. https://t.co/xS9T6ssIbN  ||  2016-10-07 01:44:37
mattyMidwest  ||  RT @hateful_heretic: Liberals, you're right. Trump support is largely motivated by hate. But it's not hatred of minorities. It's hatred of‚Ä¶  ||  2016-10-07 01:44:31
doccigar  ||  RT @StopStopHillary: Clint Eastwood: "AMERICA, IF YOU DON'T GET TRUMP &amp; VOTE DJT YOU'RE EITHER RADICALIZED OR JUST PLAIN HATE AMERICA." htt‚Ä¶  ||  2016-10-07 01:44:30
granmary7235  ||  RT @SykesCharlie: Conservatives on Hillary : Stand up for the First Amendment!
Conservatives on Trump: He's right, we hate the media!
Yes,‚Ä¶  ||  2016-10-07 01:44:29
Craigb001  ||  @johncusack  I was always told I wasn't old enough to hate anyone. But.....in this case trump might qualify! I think I'm now old enough.  ||  2016-10-07 01:44:15
Sb51Antinomy  ||  All it takes to troll Trumpkins anymore is saying "#Trump isn't perfect." The hate just POURS in. @stephenfhayes  ||  2016-10-07 01:44:02
SassyPantsjj  ||  @johne846 HIllary out of public all this week again studying her memorized lines&amp;sound bytes, this time she wants to BURY Trump. I hate her  ||  2016-10-07 01:43:45
TRUMP_NOW2016  ||  RT @Cernovich: FREE SPEECH CRACKDOWN: EU orders British press NOT to reveal when terrorists are Muslims

https://t.co/QONyx22Rmp  ||  2016-10-07 01:43:39
cajungal62  ||  RT @StopStopHillary: Clint Eastwood: "AMERICA, IF YOU DON'T GET TRUMP &amp; VOTE DJT YOU'RE EITHER RADICALIZED OR JUST PLAIN HATE AMERICA." htt‚Ä¶  ||  2016-10-07 01:43:39
vanorsdale72  ||  @HoustonforTrump @JohnJHarwood actually it is true. But once again trump supporters hate those fact things.  ||  2016-10-07 01:43:35
wddewitt  ||  RT @david_mangels: @Montana0323 @dawnellemurray @Mich4Trump @Mich4 all the Nurses are voting Trump where I work.  People see through all th‚Ä¶  ||  2016-10-07 01:43:23
emperorphil  ||  RT @StopStopHillary: Clint Eastwood: "AMERICA, IF YOU DON'T GET TRUMP &amp; VOTE DJT YOU'RE EITHER RADICALIZED OR JUST PLAIN HATE AMERICA." htt‚Ä¶  ||  2016-10-07 01:43:20
Yes_Number_One  ||  RT @StopStopHillary: Clint Eastwood: "AMERICA, IF YOU DON'T GET TRUMP &amp; VOTE DJT YOU'RE EITHER RADICALIZED OR JUST PLAIN HATE AMERICA." htt‚Ä¶  ||  2016-10-07 01:43:19
flawlessxmrc  ||  the people that hate dani bc she likes trump, that should make y'all want to keep her in the house so she won't be able to vote lol #BBOTT  ||  2016-10-07 01:43:13
beyjamesdean  ||  RT @allaloneinIove: me: i hate vocal runs :( 

donald trump: i hate vocal runs too

me: 
https://t.co/BybGT0BERg  ||  2016-10-07 01:43:06
mburns519  ||  Hate to publicize an instance when Trump and Giuliani were unfairly taken out of context but...this segment is dead‚Ä¶ https://t.co/Qtfm2tIq8h  ||  2016-10-07 01:42:52
jglogan8883  ||  RT @StopStopHillary: Clint Eastwood: "AMERICA, IF YOU DON'T GET TRUMP &amp; VOTE DJT YOU'RE EITHER RADICALIZED OR JUST PLAIN HATE AMERICA." htt‚Ä¶  ||  2016-10-07 01:42:47
wlft1  ||  @basilandchives They HATE her, yet spend time SEARCHING her timeline or # to they can attack her supporters! I despise Trump, but not only  ||  2016-10-07 01:42:42
MrEdTrain  ||  RT @StopStopHillary: Clint Eastwood: "AMERICA, IF YOU DON'T GET TRUMP &amp; VOTE DJT YOU'RE EITHER RADICALIZED OR JUST PLAIN HATE AMERICA." htt‚Ä¶  ||  2016-10-07 01:42:27
MeemMeem4  ||  RT @Honey17011: Donald and his tiny hands are gonna hate this article. My followers will enjoy it.  #ImWithHer #NeverTrump  https://t.co/jB‚Ä¶  ||  2016-10-07 01:42:15
PRDigi  ||  Emilio Rojas Drops "I Hate Donald Trump" Video https://t.co/5JXZXnQD2Z | #HipHopNews  ||  2016-10-07 01:42:00
toneyscottking  ||  RT @ChevyChasePatch: New Poll: Maryland Voters Hate Trump, Love Hogan https://t.co/ZQK9rbJYH7  ||  2016-10-07 01:41:16
GodandtheBear  ||  RT @greenguy4151: @haskinstheodore @GodandtheBear @MsRock4Ever @PepinLachance What about Republicans who hate Trump, is OK for them to vote‚Ä¶  ||  2016-10-07 01:41:15
JacklLuis  ||  RT @2ALAW: [Watch] Best Video Ever!...Donald Trump Fans Love It And Hillary/Obama Supporters Absolutely Hate It.

@SandraTXAS
https://t.co/‚Ä¶  ||  2016-10-07 01:41:04
graveyardxbaby  ||  RT @caraxc_: Me: I hate Donald Trump
Donald Trump: #TeamKatya
Me: https://t.co/9ulkTpBGlC  ||  2016-10-07 01:40:46
i_am_peepo  ||  RT @caraxc_: Me: I hate Donald Trump
Donald Trump: #TeamKatya
Me: https://t.co/9ulkTpBGlC  ||  2016-10-07 01:40:37
MoBetter  ||  #MoBetter #News Emilio Rojas Drops ‚ÄúI Hate Donald Trump‚Äù Video https://t.co/ciCiXB5ETP  ||  2016-10-07 01:40:29
insommagsince96  ||  Emilio Rojas Says "I Hate Donald Trump" (Video) - insomniacmagazine.‚Äãcom https://t.co/QE9MDOfObb @emiliorojas #Video  ||  2016-10-07 01:39:29
bearski55  ||  RT @fletchertoo: #Republican #DonaldTrump #Trump #Politics #SadStateOfAffairs when #KatrinaPierson is given a national platform to spew hat‚Ä¶  ||  2016-10-07 01:39:18
Canelaw1992  ||  RT @StopStopHillary: Clint Eastwood: "AMERICA, IF YOU DON'T GET TRUMP &amp; VOTE DJT YOU'RE EITHER RADICALIZED OR JUST PLAIN HATE AMERICA." htt‚Ä¶  ||  2016-10-07 01:39:09
6french6fries6  ||  RT @caraxc_: Me: I hate Donald Trump
Donald Trump: #TeamKatya
Me: https://t.co/9ulkTpBGlC  ||  2016-10-07 01:39:05
gilliamforUS  ||  @Marilynj5858 @CyclistDad @RitzyBacon2 In other words Clinton's and Obama's hate each other,however they will lye to win,RNC wont ! Go Trump  ||  2016-10-07 01:38:51
FLMENFORTRUMP  ||  RT @banditville2014: Hillary Is Going To Hate Trump&amp;#8217;s Newest Ad [VIDEO] https://t.co/qqUVublNDt  ||  2016-10-07 01:38:47
luandamasceno  ||  RT @allaloneinIove: me: i hate vocal runs :( 

donald trump: i hate vocal runs too

me: 
https://t.co/BybGT0BERg  ||  2016-10-07 01:38:42
SwagWithWheels  ||  All my old journalism professor does on twitter is hate-tweet Trump this is amazing  ||  2016-10-07 01:38:23
wooooo1200  ||  I DEADASS CANT STAND HILLARY BUT I HATE TRUMP IM SO GLAD I CANT VOTE LOWKEYY  ||  2016-10-07 01:38:17
enid_berrios  ||  Twitter suspends prominent Donald Trump supporter for harassment and hate speech https://t.co/P33nIKZc7g via @dailynewsbin TRUMP'S BULLY  ||  2016-10-07 01:38:12
Fredward29  ||  RT @AustinW_Suttie: I can't believe you blind brainwashed sheep actually can't see that the media wants you to hate Trump and like Hillary  ||  2016-10-07 01:38:01
ClaraMa15  ||  RT @Maggyw519: They spent 8 years calling @Potus  a Muslim a terrorist not born  here spreading hate about anyone not white they ended up w‚Ä¶  ||  2016-10-07 01:38:01
CruzaderGal  ||  @FireEMSGuru ‚¨Ö‚¨Ö‚¨Ö u are definitely trump troll Go spill ur hate elsewhere @Captain_Smirk1 @GeorgeWept @CarolVicic @MikeBates @Mr_JamesLandis  ||  2016-10-07 01:37:56
mhart333  ||  RT @Loca2733Mc: The hateful rhetoric from Trump/Pence &amp; fans is deplorable. Using Christianity as a shield against their hate is unforgivab‚Ä¶  ||  2016-10-07 01:37:39
petemarinos  ||  RT @PoliticusSarah: personal note, last week I got a "Jew oven" tweet from Trump supporter that caused me to break down sobbing. Dangerous‚Ä¶  ||  2016-10-07 01:37:39
andreathekline  ||  @Leslieks my beloved pretend nephew, Nate??? The guy who keeps me sane at election time! I thought I couldn't hate Trump more but I do.  ||  2016-10-07 01:37:25
toby_dorena  ||  RT @nycsportscap: @Debi129 it's sad how your hate from trump has allowed you to completely excuse Hillary for her long history of shady DC‚Ä¶  ||  2016-10-07 01:37:23
Renanrodri  ||  RT @allaloneinIove: me: i hate vocal runs :( 

donald trump: i hate vocal runs too

me: 
https://t.co/BybGT0BERg  ||  2016-10-07 01:37:03
trump_scamalert  ||  RT @Honey17011: Donald and his tiny hands are gonna hate this article. My followers will enjoy it.  #ImWithHer #NeverTrump  https://t.co/jB‚Ä¶  ||  2016-10-07 01:36:53
teetads  ||  @bigbabygravycab Omg...I'm sorry I just had a heart palpitation. Okay, can I ask why? Because u hate Hillary or because you like Trump.  ||  2016-10-07 01:36:31
akanoyton  ||  RT @Alllwftopic: Twitter suspends prominent Donald Trump supporter for harassment and hate speech https://t.co/tQe62M1270 via @dailynewsbin  ||  2016-10-07 01:36:17
JourdanSamara  ||  RT @Alllwftopic: Twitter suspends prominent Donald Trump supporter for harassment and hate speech https://t.co/tQe62M1270 via @dailynewsbin  ||  2016-10-07 01:36:13
DyPee_Baby_Co  ||  RT @nycsportscap: @Debi129 it's sad how your hate from trump has allowed you to completely excuse Hillary for her long history of shady DC‚Ä¶  ||  2016-10-07 01:36:12
SusanDFinSD  ||  RT @Alllwftopic: Twitter suspends prominent Donald Trump supporter for harassment and hate speech https://t.co/tQe62M1270 via @dailynewsbin  ||  2016-10-07 01:36:11
libertydoc82  ||  In related news, racist professor Anthea Butler remains on the faculty; proving UPenn is just liberal hate zone https://t.co/mtE0Hb0ul5  ||  2016-10-07 01:36:03
banditville2014  ||  Hillary Is Going To Hate Trump&amp;#8217;s Newest Ad [VIDEO] https://t.co/qqUVublNDt  ||  2016-10-07 01:35:48
MelodyPuppyDog  ||  RT @wccubbison: The last autopsy said do the opposite of Trump. What we as a country need are GOP leaders to fix the problem. Reject the ha‚Ä¶  ||  2016-10-07 01:35:23
nycsportscap  ||  @Debi129 it's sad how your hate from trump has allowed you to completely excuse Hillary for her long history of shady DC business.  ||  2016-10-07 01:35:14
RosemaryBucha17  ||  RT @Lrihendry: What burns me is Hillary calls Trump supporters "deplorable" while her supporters hate cops, burn American flag, disrespect‚Ä¶  ||  2016-10-07 01:35:04
OurWorldIsNuts  ||  @CNN I hate Trump, but really, who cares what the singer of a band thinks about presidential politics? Come on CNN, be better then this.  ||  2016-10-07 01:34:57
LorainBingham  ||  RT @david_mangels: @Montana0323 @dawnellemurray @Mich4Trump @Mich4 all the Nurses are voting Trump where I work.  People see through all th‚Ä¶  ||  2016-10-07 01:34:54
fore_ryte  ||  RT @DailyNewsBin: Twitter suspends prominent Donald Trump supporter for harassment and hate speech https://t.co/gAd49M6mKT  ||  2016-10-07 01:34:46
stanningtana  ||  fave this if you hate donald trump with a burning passion  ||  2016-10-07 01:34:45
biggus_tweetus  ||  @charliepick @JohnBarronUSA @LizMair Ever thought how well Trump would be doing if 95% of worlds media didn't hate on him every day? Discuss  ||  2016-10-07 01:34:15
kak9753  ||  RT @Shoeshinegirl57: Guess what? You don't know whites, do you Trump?We aren't all racists like you &amp; your uneducated white hate machine.Yo‚Ä¶  ||  2016-10-07 01:34:11
MissMalcomX  ||  RT @KaylinWinters2: Trump had people say BLM was a hate group at the RNC. NOW he wants our votes? Sure...  He spent a year bashing it. 
#Im‚Ä¶  ||  2016-10-07 01:34:06
Cdbrow1  ||  RT @coopah: Twitter suspends prominent Donald Trump supporter for harassment and hate speech https://t.co/HAgagMwiaL via @dailynewsbin  ||  2016-10-07 01:33:20
DeeLoralei  ||  RT @WDGX4: @linnyitssn Alt-right leaders even wear brown jackets. Ernst R√∂hm would be so proud of Trump.
https://t.co/MYbzGQBWbz  ||  2016-10-07 01:33:18
TomiBaird  ||  RT @Honey17011: Donald and his tiny hands are gonna hate this article. My followers will enjoy it.  #ImWithHer #NeverTrump  https://t.co/jB‚Ä¶  ||  2016-10-07 01:33:17
I_Hate_Cartman  ||  RT @markjackfordays: Who would you rather have for president? 

RT for @markiplier 
Fav for Donald Trump. https://t.co/PjtBmnYK9X  ||  2016-10-07 01:33:16
BethCol77455974  ||  RT @KaylinWinters2: Trump had people say BLM was a hate group at the RNC. NOW he wants our votes? Sure...  He spent a year bashing it. 
#Im‚Ä¶  ||  2016-10-07 01:32:53
KaylinWinters2  ||  RT @KaylinWinters2: Trump had people say BLM was a hate group at the RNC. NOW he wants our votes? Sure...  He spent a year bashing it. 
#Im‚Ä¶  ||  2016-10-07 01:32:32
AIIIR95  ||  RT @OvaisBowss: Me: I hate hotdogs

Donald Trump: I hate hotdogs 

Me:

https://t.co/TLbxN8ujFo  ||  2016-10-07 01:32:27
glezzery  ||  Nov. 8th, The Day we finally learn just how much people hate @HillaryClinton. Trump?  He is like Homecoming King compared to that HARRIDAN!  ||  2016-10-07 01:32:25
Beacootie  ||  RT @Honey17011: Donald and his tiny hands are gonna hate this article. My followers will enjoy it.  #ImWithHer #NeverTrump  https://t.co/jB‚Ä¶  ||  2016-10-07 01:32:16
eneidacortes68  ||  RT @johncusack: don't" hate " trump - met him at a prize fight - he said hello told me his wife likes my movies -   He can do--https://t.co‚Ä¶  ||  2016-10-07 01:32:13
shaker0309  ||  RT @Honey17011: Donald and his tiny hands are gonna hate this article. My followers will enjoy it.  #ImWithHer #NeverTrump  https://t.co/jB‚Ä¶  ||  2016-10-07 01:32:11
fucxrintheNuts  ||  RT @caraxc_: Me: I hate Donald Trump
Donald Trump: #TeamKatya
Me: https://t.co/9ulkTpBGlC  ||  2016-10-07 01:32:10
docholly  ||  RT @js_edit: @owillis I hate Donald Trump for making me think that Romney wasn't so bad after all.  ||  2016-10-07 01:31:51
lnsanitymgc  ||  RT @noahsnab: me: i hate michigan :((
detroit: polls zero percent for donald trump
me:
https://t.co/lOEi8aVcDO  ||  2016-10-07 01:31:48
1975brynne  ||  RT @caraxc_: Me: I hate Donald Trump
Donald Trump: #TeamKatya
Me: https://t.co/9ulkTpBGlC  ||  2016-10-07 01:31:27
JustCallMeV2  ||  @junren65 Trump worship for sure and or gearing up for new Trump, Hannity and Ailes Network of Fear and Hate  ||  2016-10-07 01:31:21
morgansher  ||  RT @WDGX4: @linnyitssn Alt-right leaders even wear brown jackets. Ernst R√∂hm would be so proud of Trump.
https://t.co/MYbzGQBWbz  ||  2016-10-07 01:31:15
patrn46  ||  RT @Nancy22197: Probably needs rest cough drops and IVs before Trump's STAMINA Debate! We love Trump. Not HILLARY'S Hate!Obama and Hillary‚Ä¶  ||  2016-10-07 01:31:03
KB_Indy  ||  RT @david_mangels: @Montana0323 @dawnellemurray @Mich4Trump @Mich4 all the Nurses are voting Trump where I work.  People see through all th‚Ä¶  ||  2016-10-07 01:31:01
LVPLUG  ||  C/O New Blog Post Emilio Rojas Drops "I Hate Donald Trump" Video https://t.co/GfZERcQFVs  ||  2016-10-07 01:30:49
OMG_MOE  ||  OMG HIP HOP NEWS Emilio Rojas Drops "I Hate Donald Trump" Video https://t.co/qSqbPgKCTw  ||  2016-10-07 01:30:45
Alien00X  ||  RT @bobbywatson1954: @megynkelly @FoxNews @seanhannity @KellyannePolls @JudgeJeanine @julieroginsky MEGYN, YOU HATE TRUMP! PHONEY! COULD YO‚Ä¶  ||  2016-10-07 01:30:43
kennedymaize  ||  RT @thomas_overton: I hate the fact that a major post-#Matthew storyline is going to be whether Trump or Hillary gets to Florida first for‚Ä¶  ||  2016-10-07 01:30:37
Ivanroberson  ||  RT @WDGX4: @linnyitssn Alt-right leaders even wear brown jackets. Ernst R√∂hm would be so proud of Trump.
https://t.co/MYbzGQBWbz  ||  2016-10-07 01:30:20
colinsolostache  ||  Casual reminder that Trump's campaign has invigorated hate groups, and by voting for him you're  refusing to reject white supremacy.  ||  2016-10-07 01:30:09
emiIywhy  ||  RT @noahsnab: me: i hate michigan :((
detroit: polls zero percent for donald trump
me:
https://t.co/lOEi8aVcDO  ||  2016-10-07 01:30:07
